Species,chlSab2,otoGar3,rheMac3
chlSab2,0.0,0.526300743282,0.160968028419
otoGar3,0.526300743282,0.0,0.530426755663
rheMac3,0.160968028419,0.530426755663,0.0
