Species,chlSab2,otoGar3,rheMac3
chlSab2,0.0,1.11104405552,0.191849695687
otoGar3,1.11104405552,0.0,1.12959322546
rheMac3,0.191849695687,1.12959322546,0.0
