Species,chiLan1,hetGla2,ochPri3
chiLan1,0.0,0.490936670459,0.687174315011
hetGla2,0.490936670459,0.0,0.73059930849
ochPri3,0.687174315011,0.73059930849,0.0
