Species,chiLan1,hetGla2,ochPri3
chiLan1,0.0,0.964392133492,2.19666845782
hetGla2,0.964392133492,0.0,2.711942959
ochPri3,2.19666845782,2.711942959,0.0
