Species,canFam3,eptFus1,felCat8
canFam3,0.0,0.190290960012,0.0
eptFus1,0.190290960012,0.0,0.928056426332
felCat8,0.0,0.928056426332,0.0
