Species,canFam3,eptFus1,felCat8
canFam3,0.0,0.159869281046,0.0
eptFus1,0.159869281046,0.0,0.481342980246
felCat8,0.0,0.481342980246,0.0
