Species,chrAsi1,echTel2,eleEdw1
chrAsi1,0.0,1.73582906587,2.04367934224
echTel2,1.73582906587,0.0,2.48283624086
eleEdw1,2.04367934224,2.48283624086,0.0
