Species,chrAsi1,echTel2,eleEdw1
chrAsi1,0.0,0.634480087782,0.671450278575
echTel2,0.634480087782,0.0,0.712877686217
eleEdw1,0.671450278575,0.712877686217,0.0
