Species,anaPla1,falChe1,rheMac3
anaPla1,0.0,0.768150684932,0.911648698396
falChe1,0.768150684932,0.0,0.896321070234
rheMac3,0.911648698396,0.896321070234,0.0
