Species,anaPla1,falChe1,rheMac3
anaPla1,0.0,3.31314623338,10.318452381
falChe1,3.31314623338,0.0,8.64516129032
rheMac3,10.318452381,8.64516129032,0.0
