Species,jacJac1,mesAur1,speTri2
jacJac1,0.0,0.645184177851,0.656224090963
mesAur1,0.645184177851,0.0,0.634442526341
speTri2,0.656224090963,0.634442526341,0.0
