Species,jacJac1,mesAur1,speTri2
jacJac1,0.0,1.81836360607,1.90887166236
mesAur1,1.81836360607,0.0,1.73554795636
speTri2,1.90887166236,1.73554795636,0.0
