Species,chlSab2,otoGar3,rheMac3
chlSab2,0.0,0.0573175935144,0.0235142118863
otoGar3,0.0573175935144,0.0,0.0593172119488
rheMac3,0.0235142118863,0.0593172119488,0.0
