Species,chlSab2,otoGar3,rheMac3
chlSab2,0.0,0.0608026554013,0.0240804445621
otoGar3,0.0608026554013,0.0,0.063057613791
rheMac3,0.0240804445621,0.063057613791,0.0
