Species,chiLan1,hetGla2,ochPri3
chiLan1,0.0,0.0393325387366,0.0476446355006
hetGla2,0.0393325387366,0.0,0.0557932263815
ochPri3,0.0476446355006,0.0557932263815,0.0
