Species,chiLan1,hetGla2,ochPri3
chiLan1,0.0,0.0378440366972,0.0454778594632
hetGla2,0.0378440366972,0.0,0.0528448421408
ochPri3,0.0454778594632,0.0528448421408,0.0
