Species,canFam3,eptFus1,felCat8
canFam3,0.0,0.0217656012177,0.0329411764706
eptFus1,0.0217656012177,0.0,0.0211721386929
felCat8,0.0329411764706,0.0211721386929,0.0
