Species,canFam3,eptFus1,felCat8
canFam3,0.0,0.0222498833048,0.0340632603406
eptFus1,0.0222498833048,0.0,0.0216300940439
felCat8,0.0340632603406,0.0216300940439,0.0
