Species,chrAsi1,echTel2,eleEdw1
chrAsi1,0.0,0.00759314850786,0.0125042822885
echTel2,0.00759314850786,0.0,0.0365785030951
eleEdw1,0.0125042822885,0.0365785030951,0.0
