Species,chrAsi1,echTel2,eleEdw1
chrAsi1,0.0,0.00753592709429,0.0123498562003
echTel2,0.00753592709429,0.0,0.0352877307275
eleEdw1,0.0123498562003,0.0352877307275,0.0
