Species,anaPla1,falChe1,rheMac3
anaPla1,0.0,0.308714918759,0.505952380952
falChe1,0.308714918759,0.0,0.38133640553
rheMac3,0.505952380952,0.38133640553,0.0
