Species,anaPla1,falChe1,rheMac3
anaPla1,0.0,0.235891647856,0.335968379447
falChe1,0.235891647856,0.0,0.276063386155
rheMac3,0.335968379447,0.276063386155,0.0
