Species,jacJac1,mesAur1,speTri2
jacJac1,0.0,0.0516580569905,0.0776916451335
mesAur1,0.0516580569905,0.0,0.0540628562123
speTri2,0.0776916451335,0.0540628562123,0.0
