Species,jacJac1,mesAur1,speTri2
jacJac1,0.0,0.0491205831089,0.0720907928389
mesAur1,0.0491205831089,0.0,0.0512899737371
speTri2,0.0720907928389,0.0512899737371,0.0
