Species,chlSab2,otoGar3,rheMac3
chlSab2,0.0,0.756487628244,0.140777983594
otoGar3,0.756487628244,0.0,0.760169363375
rheMac3,0.140777983594,0.760169363375,0.0
