Species,chlSab2,otoGar3,rheMac3
chlSab2,0.0,0.4306820134,0.123405242403
otoGar3,0.4306820134,0.0,0.431872852234
rheMac3,0.123405242403,0.431872852234,0.0
