Species,chiLan1,hetGla2,ochPri3
chiLan1,0.0,0.385429082241,0.726312018628
hetGla2,0.385429082241,0.0,0.880748663102
ochPri3,0.726312018628,0.880748663102,0.0
