Species,chiLan1,hetGla2,ochPri3
chiLan1,0.0,0.2782019572,0.420730442
hetGla2,0.2782019572,0.0,0.468296843901
ochPri3,0.420730442,0.468296843901,0.0
