Species,canFam3,eptFus1,felCat8
canFam3,0.0,0.386385335116,0.339665438049
eptFus1,0.386385335116,0.0,0.381123290329
felCat8,0.339665438049,0.381123290329,0.0
