Species,canFam3,eptFus1,felCat8
canFam3,0.0,0.629687256885,0.514383855732
eptFus1,0.629687256885,0.0,0.615830721003
felCat8,0.514383855732,0.615830721003,0.0
