Species,chrAsi1,echTel2,eleEdw1
chrAsi1,0.0,0.377281724214,0.414912808178
echTel2,0.377281724214,0.0,0.438013915244
eleEdw1,0.414912808178,0.438013915244,0.0
