Species,chrAsi1,echTel2,eleEdw1
chrAsi1,0.0,0.605862616987,0.70914696814
echTel2,0.605862616987,0.0,0.779403489026
eleEdw1,0.70914696814,0.779403489026,0.0
