Species,anaPla1,falChe1,rheMac3
anaPla1,0.0,0.35153256705,0.452768729642
falChe1,0.35153256705,0.0,0.690773067332
rheMac3,0.452768729642,0.690773067332,0.0
