Species,anaPla1,falChe1,rheMac3
anaPla1,0.0,0.542097488922,0.827380952381
falChe1,0.542097488922,0.0,2.23387096774
rheMac3,0.827380952381,2.23387096774,0.0
