Species,jacJac1,mesAur1,speTri2
jacJac1,0.0,0.318455423055,0.404920553562
mesAur1,0.318455423055,0.0,0.337182946573
speTri2,0.404920553562,0.337182946573,0.0
