Species,jacJac1,mesAur1,speTri2
jacJac1,0.0,0.467255457424,0.68044788975
mesAur1,0.467255457424,0.0,0.508711936167
speTri2,0.68044788975,0.508711936167,0.0
