Species,chlSab2,otoGar3,rheMac3
chlSab2,0.0,0.151327700664,0.00807091823234
otoGar3,0.151327700664,0.0,0.152124603055
rheMac3,0.00807091823234,0.152124603055,0.0
