Species,chlSab2,otoGar3,rheMac3
chlSab2,0.0,0.620367718655,0.309897735573
otoGar3,0.620367718655,0.0,0.590577018326
rheMac3,0.309897735573,0.590577018326,0.0
