Species,chiLan1,hetGla2,ochPri3
chiLan1,0.0,0.340862221349,0.23352553542
hetGla2,0.340862221349,0.0,0.225993377483
ochPri3,0.23352553542,0.225993377483,0.0
