Species,chiLan1,hetGla2,ochPri3
chiLan1,0.0,0.106823599523,0.284793121977
hetGla2,0.106823599523,0.0,0.280748663102
ochPri3,0.284793121977,0.280748663102,0.0
