Species,canFam3,eptFus1,felCat8
canFam3,0.0,0.391670610506,0.386674859551
eptFus1,0.391670610506,0.0,0.468997086975
felCat8,0.386674859551,0.468997086975,0.0
