Species,canFam3,eptFus1,felCat8
canFam3,0.0,0.170374980551,0.085730642622
eptFus1,0.170374980551,0.0,0.17868338558
felCat8,0.085730642622,0.17868338558,0.0
