Species,chrAsi1,echTel2,eleEdw1
chrAsi1,0.0,0.187867488886,0.288395904437
echTel2,0.187867488886,0.0,0.276465798046
eleEdw1,0.288395904437,0.276465798046,0.0
