Species,anaPla1,falChe1,rheMac3
anaPla1,0.0,0.690160183066,0.846575342466
falChe1,0.690160183066,0.0,0.934441087613
rheMac3,0.846575342466,0.934441087613,0.0
