Species,jacJac1,mesAur1,speTri2
jacJac1,0.0,0.401635257753,0.499525821191
mesAur1,0.401635257753,0.0,0.454375832963
speTri2,0.499525821191,0.454375832963,0.0
