Species,jacJac1,mesAur1,speTri2
jacJac1,0.0,0.212631228129,0.256503014643
mesAur1,0.212631228129,0.0,0.213645985996
speTri2,0.256503014643,0.213645985996,0.0
