Species,chlSab2,otoGar3,rheMac3
chlSab2,0.0,0.217658168083,0.0249000129016
otoGar3,0.217658168083,0.0,0.209255052015
rheMac3,0.0249000129016,0.209255052015,0.0
