Species,chlSab2,otoGar3,rheMac3
chlSab2,0.0,0.278213639107,0.0255358560466
otoGar3,0.278213639107,0.0,0.264630273703
rheMac3,0.0255358560466,0.264630273703,0.0
