Species,chiLan1,hetGla2,ochPri3
chiLan1,0.0,0.161209697576,0.320802919708
hetGla2,0.161209697576,0.0,0.31123388582
ochPri3,0.320802919708,0.31123388582,0.0
