Species,chiLan1,hetGla2,ochPri3
chiLan1,0.0,0.192193087008,0.472326706072
hetGla2,0.192193087008,0.0,0.451871657754
ochPri3,0.472326706072,0.451871657754,0.0
