Species,canFam3,eptFus1,felCat8
canFam3,0.0,0.287945933969,0.227870482926
eptFus1,0.287945933969,0.0,0.260204081633
felCat8,0.227870482926,0.260204081633,0.0
