Species,canFam3,eptFus1,felCat8
canFam3,0.0,0.404387739225,0.295119507657
eptFus1,0.404387739225,0.0,0.351724137931
felCat8,0.295119507657,0.351724137931,0.0
