Species,chrAsi1,echTel2,eleEdw1
chrAsi1,0.0,0.423627052799,0.506509078452
echTel2,0.423627052799,0.0,0.618645657475
eleEdw1,0.506509078452,0.618645657475,0.0
