Species,chrAsi1,echTel2,eleEdw1
chrAsi1,0.0,0.297568841479,0.336213757817
echTel2,0.297568841479,0.0,0.382199559625
eleEdw1,0.336213757817,0.382199559625,0.0
