Species,anaPla1,falChe1,rheMac3
anaPla1,0.0,0.66765140325,1.26785714286
falChe1,0.66765140325,0.0,1.86866359447
rheMac3,1.26785714286,1.86866359447,0.0
