Species,anaPla1,falChe1,rheMac3
anaPla1,0.0,0.400354295837,0.55905511811
falChe1,0.400354295837,0.0,0.65140562249
rheMac3,0.55905511811,0.65140562249,0.0
