Species,jacJac1,mesAur1,speTri2
jacJac1,0.0,0.308720193526,0.350453172205
mesAur1,0.308720193526,0.0,0.27947905667
speTri2,0.350453172205,0.27947905667,0.0
