Species,jacJac1,mesAur1,speTri2
jacJac1,0.0,0.446592234628,0.539534883721
mesAur1,0.446592234628,0.0,0.387884709331
speTri2,0.539534883721,0.387884709331,0.0
