Species,chlSab2,otoGar3,rheMac3
chlSab2,0.0,0.494393165001,0.11415846226
otoGar3,0.494393165001,0.0,0.48716556805
rheMac3,0.11415846226,0.48716556805,0.0
