Species,chlSab2,otoGar3,rheMac3
chlSab2,0.0,0.206737057003,0.0236551305404
otoGar3,0.206737057003,0.0,0.20002547284
rheMac3,0.0236551305404,0.20002547284,0.0
