Species,chiLan1,hetGla2,ochPri3
chiLan1,0.0,0.220991693934,0.403044748578
hetGla2,0.220991693934,0.0,0.355245040543
ochPri3,0.403044748578,0.355245040543,0.0
