Species,chiLan1,hetGla2,ochPri3
chiLan1,0.0,0.395424247883,0.484249422633
hetGla2,0.395424247883,0.0,0.55391221374
ochPri3,0.484249422633,0.55391221374,0.0
