Species,canFam3,eptFus1,felCat8
canFam3,0.0,0.48971814212,0.41779851679
eptFus1,0.48971814212,0.0,0.485317844466
felCat8,0.41779851679,0.485317844466,0.0
