Species,canFam3,eptFus1,felCat8
canFam3,0.0,0.222945131208,0.169089130948
eptFus1,0.222945131208,0.0,0.219883040936
felCat8,0.169089130948,0.219883040936,0.0
