Species,chrAsi1,echTel2,eleEdw1
chrAsi1,0.0,0.258063148972,0.305741314631
echTel2,0.258063148972,0.0,0.337020863658
eleEdw1,0.305741314631,0.337020863658,0.0
