Species,chrAsi1,echTel2,eleEdw1
chrAsi1,0.0,0.518124574541,0.56223755249
echTel2,0.518124574541,0.0,0.56577339741
eleEdw1,0.56223755249,0.56577339741,0.0
