Species,anaPla1,falChe1,rheMac3
anaPla1,0.0,0.724348534202,0.840190249703
falChe1,0.724348534202,0.0,0.832400077235
rheMac3,0.840190249703,0.832400077235,0.0
