Species,anaPla1,falChe1,rheMac3
anaPla1,0.0,0.299747262005,0.52139905549
falChe1,0.299747262005,0.0,0.545765286745
rheMac3,0.52139905549,0.545765286745,0.0
