Species,jacJac1,mesAur1,speTri2
jacJac1,0.0,0.488362179214,0.533922119631
mesAur1,0.488362179214,0.0,0.518805829807
speTri2,0.533922119631,0.518805829807,0.0
