Species,jacJac1,mesAur1,speTri2
jacJac1,0.0,0.275437584151,0.288015938326
mesAur1,0.275437584151,0.0,0.275461807289
speTri2,0.288015938326,0.275461807289,0.0
