Species,chlSab2,otoGar3,rheMac3
chlSab2,0.0,0.131437557332,0.00800630003938
otoGar3,0.131437557332,0.0,0.13203832524
rheMac3,0.00800630003938,0.13203832524,0.0
