Species,chiLan1,hetGla2,ochPri3
chiLan1,0.0,0.0965136626733,0.221664575491
hetGla2,0.0965136626733,0.0,0.219206680585
ochPri3,0.221664575491,0.219206680585,0.0
