Species,canFam3,eptFus1,felCat8
canFam3,0.0,0.145572985908,0.0789612443976
eptFus1,0.145572985908,0.0,0.151595744681
felCat8,0.0789612443976,0.151595744681,0.0
