Species,chrAsi1,echTel2,eleEdw1
chrAsi1,0.0,0.21260815822,0.249571771155
echTel2,0.21260815822,0.0,0.295254173701
eleEdw1,0.249571771155,0.295254173701,0.0
