Species,chrAsi1,echTel2,eleEdw1
chrAsi1,0.0,0.175331294597,0.199725839616
echTel2,0.175331294597,0.0,0.227950760319
eleEdw1,0.199725839616,0.227950760319,0.0
