Species,anaPla1,falChe1,rheMac3
anaPla1,0.0,0.0871491875923,0.239583333333
falChe1,0.0871491875923,0.0,0.294930875576
rheMac3,0.239583333333,0.294930875576,0.0
