Species,anaPla1,falChe1,rheMac3
anaPla1,0.0,0.0801630434783,0.193277310924
falChe1,0.0801630434783,0.0,0.227758007117
rheMac3,0.193277310924,0.227758007117,0.0
