Species,jacJac1,mesAur1,speTri2
jacJac1,0.0,0.175346983647,0.204140389361
mesAur1,0.175346983647,0.0,0.176036495371
speTri2,0.204140389361,0.176036495371,0.0
